{
    "rmse": 0.7841340673990783,
    "mae": 0.615728097860044,
    "r2": 0.1951749263315916
}